email,style,technique,agility,mentor
smehaffey0@creativecommons.org,320,315,327,yes
dbateman1@hao12@.com,365,346,341,yes
bbenham2@xrea.com,384,358,364,yes
mwison@@g.co,384,358,364,yes
jagostini4@wordpress.org,320,360,330,yes
kbridgnell5@webnode.com,423,376,392,no
abotham6@usda.gov,418,378,386,yes
szeal7@pinterest.com,392,378,366,yes
ikidby8@who.int,392,378,370,yes
jciccone9@hatena.ne.jp,399,380,378,yes
njaeggia@microsoft.com,439,380,401,yes
sdesporteb@deviantart.com,392,,376,yes
kgoodbarc@blinklist.com,434,380,399,no
ktrevethand@ca.gov,468,380,424,yes
clamswoode@yelp.com,405,380,389,yes
brisbridgef@constantcontact.com,399,,411,yes
nsanchizg@nih.gov,405,380,400,no
plovelessh@unicef.org,392,380,405,yes
dnoyei@ft.com,405,380,400,yes
khowlingj@reuters.com,423,382,394,no
dquinetk@51.la,384,382,402,no
nmorchl@arizona.edu,444,382,421,no
estoodleym@liveinternet.ru,434,,434,yes
sstaresn@shutterfly.com,,382,374,yes
snettleo@biblegateway.com,405,382,397,yes
hlennardep@zimbio.com,444,382,405,yes
ptignerq@dailymotion.com,484,384,412,yes
troser@ft.com,412,384,414,no
vturks@hugedomains.com,,384,384,no
mcoultasst@goo.gl,384,384,384,no
inajerau@nsw.gov.au,423,384,383,yes
osandlandv@irs.gov,405,384,410,yes
llyfieldw@symantec.com,429,384,398,no
prydeardx@about.com,399,386,377,no
gthalmanny@gmpg.org,444,386,423,yes
mantoschz@12@-reg.co.uk,423,,444,yes
aallsup10@opensource.org,405,386,392,yes
mollin11@prnewswire.com,412,386,391,yes
epresser12@globo.com,439,386,429,yes
scoddrington1@@printfriendly.com,434,386,394,yes
jyakebovich14@purevolume.com,429,386,399,yes
dtweede15@marriott.com,439,386,425,yes
cworstall16@e-recht24.de,405,386,411,yes
bccomini17@archive.org,434,386,426,yes
aspinelli18@imdb.com,423,388,410,yes
ksneath19@instagram.com,439,388,409,yes
lbellworthy1a@goo.gl,399,388,374,no
sspong1b@irs.gov,339,,325,yes
dgotthardsf1c@blogspot.com,392,388,371,yes
canstee1d@unicef.org,429,388,421,yes
awarrick1e@who.int,392,388,390,yes
bsmeath1f@cargocollective.com,405,,385,yes
jwisedale1g@blinklist.com,439,388,393,yes
lgoodbur1h@posterous.com,,388,407,yes
amunden1i@prlog.org,412,388,416,yes
sblackesland1j@engadget.com,429,388,404,yes
roxer1k@t-online.de,412,,420,yes
ldominelli1l@dropbox.com,439,388,426,no
kdron1m@marketwatch.com,444,390,434,yes
rdonati1n@ycombinator.com,399,,419,yes
fmcgahy1o@wikimedia.org,423,390,423,yes
thuie1p@topsy.com,429,390,414,no
lsayes1q@w@.org,473,390,414,yes
bdrummond1r@auda.org.au,434,390,433,yes
iadshed1s@mtv.com,434,390,416,yes
efritschel1t@yellowbook.com,405,390,386,no
rbartzen1u@tamu.edu,434,390,404,no
ckarim1v@harvard.edu,412,390,385,yes
ddahlbom1w@umich.edu,418,390,404,yes
fclemenson1x@wikispaces.com,405,391,378,no
abuncher1y@alexa.com,,391,391,yes
sputton1z@ed.gov,444,391,409,yes
ddeverale20@nifty.com,,391,403,yes
dpetras21@macromedia.com,429,391,406,yes
tmenhci22@spotify.com,405,391,386,yes
esherwen2@@smh.com.au,423,391,419,no
mmackain24@hostgator.com,399,391,415,yes
rsandercock25@hatena.ne.jp,,391,399,yes
hcrawcour26@ocn.ne.jp,444,,462,no
kmatovic27@prnewswire.com,405,391,386,yes
sfurmonger28@abc.net.au,459,391,438,no
scheeld29@cornell.edu,418,391,421,yes
kfurzey2a@github.com,602,391,477,yes
alambole2b@51.la,444,391,426,no
abaggalley2c@google.ca,354,391,365,yes
nlockett2d@paypal.com,454,,431,no
pdemaid2e@nih.gov,365,391,382,yes
yselbie2f@mit.edu,429,,408,yes
schaperlin2g@foxnews.com,473,,478,no
skrink2h@columbia.edu,423,393,400,no
stoleman2i@usa.gov,412,393,419,yes
smcveighty2j@ft.com,439,393,433,yes
mcruikshanks2k@japanpost.jp,418,393,385,yes
mwagge2l@illinois.edu,384,393,389,yes
bcoomes2m@cdbaby.com,463,393,407,yes
lbydaway2n@uol.com.br,392,393,373,yes
dashdown2o@technorati.com,484,393,447,no
cpeplay2p@woothemes.com,405,,397,yes
dfaloon2q@google.es,439,393,404,yes
jbeuscher2r@yellowbook.com,423,393,416,yes
abenedicte2s@chicagotribune.com,384,393,408,yes
clamie2t@so-net.ne.jp,,393,377,no
tderrico2u@mozilla.com,423,,431,no
tmunt2v@harvard.edu,439,393,416,yes
bpauly2w@sun.com,423,393,408,yes
jbuten2x@freewebs.com,434,393,414,no
rdanzelman2y@bigcartel.com,,393,405,yes
wbartram2z@e-recht24.de,412,393,386,yes
jdamrell@0@google.pl,429,393,407,yes
rraoux@1@bbc.co.uk,434,393,434,yes
csainz@2@amazon.co.jp,418,393,418,yes
dvere@@@ibm.com,423,393,408,yes
cnucci@4@ucsd.edu,429,393,390,yes
fdabbs@5@nature.com,459,395,406,yes
fgarrique@6@youtu.be,412,395,391,yes
gakrigg@7@marketwatch.com,418,395,386,yes
sheskey@8@ucla.edu,405,,385,yes
rbaumann@9@amazon.com,444,395,440,yes
atoy@a@unicef.org,434,395,419,yes
agreenfield@b@histats.com,434,,434,yes
amccafferky@c@twitter.com,429,395,404,yes
cdiruggiero@d@yellowpages.com,463,395,425,no
mkornousek@e@livejournal.com,399,,395,yes
viannazzi@f@cbsnews.com,418,395,423,yes
rvowels@g@cisco.com,444,395,432,yes
jjezzard@h@zimbio.com,418,395,415,yes
kmohammad@i@tinypic.com,412,395,412,yes
dgiacobbinijacob@j@tinyurl.com,429,395,391,yes
sskeggs@k@unesco.org,449,395,405,yes
ddellow@l@umich.edu,405,395,400,yes
cclawe@m@barnesandnoble.com,,,,yes
bkingswoode@n@samsung.com,418,395,419,yes
kucceli@o@seattletimes.com,449,395,401,yes
vjiroudek@p@cbc.ca,405,395,396,no
pfishpoole@q@prweb.com,439,395,417,no
tyurocjkin@r@ow.ly,489,395,464,yes
mhapke@s@gov.uk,463,397,447,yes
bhogbin@t@apache.org,418,397,387,yes
gmarlor@u@ucoz.ru,449,,427,no
pgarr@v@people.com.cn,444,397,416,yes
mconklin@w@microsoft.com,434,397,416,yes
sshingfield@x@sina.com.cn,412,397,400,yes
iscammonden@y@istockphoto.com,,397,377,yes
sclericoates@z@ftc.gov,434,397,395,yes
rfirsby40@arizona.edu,434,,417,yes
dculy41@samsung.com,439,397,431,no
rsultana42@ibm.com,429,397,409,no
lquestier4@@php.net,412,397,409,yes
rantonomolii44@dailymail.co.uk,449,397,431,no
ykingsford45@infoseek.co.jp,489,397,421,yes
jhavercroft46@google.com,429,397,417,yes
dgumbley47@reddit.com,418,397,408,no
kburkin48@zdnet.com,429,397,396,no
tbernetti49@biglobe.ne.jp,500,397,431,no
abrownsea4a@intel.com,412,397,396,yes
kbalk4b@biblegateway.com,459,397,432,no
tzimmerman4c@washington.edu,418,397,403,yes
bpenritt4d@hubpages.com,423,397,390,yes
dchristin4e@fema.gov,423,397,431,yes
ilandall4f@cmu.edu,399,397,402,no
edines4g@paypal.com,399,397,398,yes
rwemyss4h@blogspot.com,459,,454,no
gwroath4i@hibu.com,434,398,408,yes
mfairholme4j@google.ca,449,398,424,no
croux4k@wikia.com,463,398,422,yes
dcurrom4l@indiatimes.com,459,398,429,yes
gramsden4m@angelfire.com,375,398,387,no
fkitchingman4n@shop-pro.jp,384,398,379,yes
darnefield4o@bizjournals.com,418,398,428,yes
mlabrum4p@indiatimes.com,423,398,398,yes
tdafforne4q@omniture.com,439,398,431,yes
aemmines4r@wikimedia.org,444,398,442,no
aguilbert4s@bing.com,354,398,365,yes
kaylwin4t@zdnet.com,463,398,452,yes
mconklin4u@about.com,439,398,419,no
hrushbrook4v@soundcloud.com,405,398,402,yes
ryoude4w@google.fr,399,398,387,yes
kwomack4x@foxnews.com,405,398,397,yes
cguarin4y@aol.com,459,398,424,yes
wflynn4z@tuttocitta.it,418,398,392,yes
hdunkersley50@go.com,429,398,409,yes
lstenhouse51@vinaora.com,405,398,410,yes
fzarfat52@noaa.gov,439,398,410,no
cstiffkins5@@theatlantic.com,,398,378,no
nbeagin54@dailymotion.com,423,398,411,yes
edoulden55@auda.org.au,463,,449,yes
snoorwood56@github.com,399,400,380,no
cweblin57@businessinsider.com,418,400,425,yes
rmcparland58@independent.co.uk,,400,392,no
kedinburough59@hibu.com,449,400,425,yes
gdedham5a@hubpages.com,434,,434,yes
jcowie5b@alibaba.com,494,400,451,yes
srehorek5c@ovh.net,434,400,425,yes
bsatyford5d@stumbleupon.com,459,400,447,yes
mhaste5e@booking.com,429,400,415,yes
fmcgunley5f@plala.or.jp,,400,384,yes
kcheeld5g@google.de,,400,392,no
jmollnar5h@a8.net,444,400,430,no
czammett5i@google.es,412,,420,yes
adivver5j@miibeian.gov.cn,399,400,396,yes
gcorgenvin5k@behance.net,,400,416,yes
dperulli5l@lulu.com,444,400,418,yes
bgrattan5m@jigsy.com,,400,396,yes
tkohnen5n@wikia.com,459,400,438,no
mcleyne5o@oracle.com,434,400,434,yes
jsharrock5p@ovh.net,468,400,421,no
zsaffen5q@sogou.com,478,400,421,yes
jbillany5r@wordpress.org,439,400,415,yes
mcuppitt5s@nba.com,,400,420,no
yhune5t@a8.net,484,400,460,yes
rtuddenham5u@spotify.com,429,400,419,no
zgalilee5v@ovh.net,423,400,403,yes
ghylden5w@google.it,429,400,406,yes
aschneider5x@yahoo.co.jp,,400,412,yes
gcutsforth5y@livejournal.com,399,400,403,yes
rgenn5z@icq.com,392,400,404,yes
awareing60@jiathis.com,449,402,438,yes
jwalas61@umich.edu,418,402,426,no
rtwentyman62@umich.edu,454,402,432,yes
mtorbeck6@@creativecommons.org,439,402,442,no
bkerrane64@behance.net,423,402,425,yes
mchamperlen65@upenn.edu,,,,yes
maaronson66@bbb.org,429,402,416,yes
pharcombe67@artisteer.com,412,402,423,yes
tloseke68@wix.com,444,,440,yes
cscapelhorn69@alibaba.com,434,402,439,yes
dfiorentino6a@mozilla.org,439,402,408,no
idawkins6b@histats.com,454,402,415,no
zmessage6c@arstechnica.com,439,402,404,no
ksellan6d@exblog.jp,439,402,408,no
cfairfull6e@boston.com,439,402,442,no
coxburgh6f@shutterfly.com,,402,382,yes
valeksandrov6g@gnu.org,439,402,416,yes
bashworth6h@constantcontact.com,423,402,400,yes
wsanham6i@people.com.cn,454,402,424,no
cbinford6j@bing.com,399,402,401,yes
djewel6k@gmpg.org,405,402,412,yes
ksilby6l@hostgator.com,449,402,443,yes
elesly6m@craigslist.org,405,402,395,no
dnoble6n@creativecommons.org,412,402,391,no
lwarner6o@vk.com,399,402,409,no
jschapero6p@nydailynews.com,473,402,455,no
ttomblett6q@hostgator.com,454,402,441,yes
parboine6r@purevolume.com,423,402,425,yes
rrose6s@unc.edu,444,403,432,yes
agabby6t@fastcompany.com,439,403,425,yes
pkeyse6u@dedecms.com,399,403,389,yes
lstear6v@state.tx.us,434,403,398,no
cnield6w@paypal.com,,403,423,no
ksthill6x@soundcloud.com,418,403,419,no
mbenford6y@google.pl,449,403,405,yes
jkingzett6z@irs.gov,444,403,402,no
bguilaem70@ed.gov,439,403,429,no
pmarmyon71@narod.ru,429,,442,yes
darmytage72@hao12@.com,478,403,445,no
lcotton7@@opera.com,454,403,446,yes
rmaciak74@themeforest.net,405,403,416,yes
dpenswick75@wired.com,392,403,409,yes
tfusedale76@cafepress.com,463,403,442,no
dmcfadden77@utexas.edu,423,403,392,yes
eantrack78@nih.gov,439,403,417,yes
rbratten79@senate.gov,405,403,408,yes
lmilazzo7a@amazon.de,399,403,397,yes
kballingal7b@weebly.com,434,403,406,no
feliot7c@eepurl.com,434,403,431,yes
cconstanza7d@domainmarket.com,405,403,384,yes
ncornfield7e@fastcompany.com,463,,444,no
cgladbeck7f@bbb.org,489,403,450,yes
tblasius7g@stanford.edu,489,403,442,no
etwinterman7h@theatlantic.com,468,403,414,yes
adaniele7i@jiathis.com,478,403,427,yes
hodam7j@qq.com,444,403,445,yes
flanger7k@prlog.org,,403,387,yes
pscroxton7l@clickbank.net,473,403,447,yes
jjamson7m@howstuffworks.com,454,403,441,no
schubb7n@comsenz.com,418,403,423,yes
bclaw7o@netscape.com,418,403,419,yes
bskellern7p@yellowbook.com,434,405,403,yes
plewerenz7q@4shared.com,449,,462,yes
cmattersey7r@tmall.com,520,405,472,yes
rarnauduc7s@pbs.org,449,405,406,yes
mhands7t@aol.com,434,405,415,yes
rmoncrieffe7u@google.ru,454,405,417,no
lbrewerton7v@linkedin.com,473,405,430,yes
kcuttell7w@time.com,459,405,436,no
mpersence7x@istockphoto.com,429,405,400,yes
moguz7y@e-recht24.de,429,405,417,no
mwharin7z@princeton.edu,478,405,464,yes
astather80@ebay.co.uk,412,405,396,no
ymullender81@ask.com,429,405,409,no
mcline82@stanford.edu,468,405,428,no
crentz8@@dion.ne.jp,468,405,437,yes
mgalia84@dmoz.org,434,,447,yes
fbodicum85@utexas.edu,429,405,396,yes
gesposi86@fastcompany.com,444,405,429,no
ndanser87@list-manage.com,418,,405,yes
cscotland88@tmall.com,423,405,397,yes
djenken89@craigslist.org,429,405,396,yes
mringsell8a@imageshack.us,478,405,464,yes
bjanout8b@shareasale.com,392,405,410,yes
vheffron8c@mac.com,459,405,449,no
mbyrnes8d@weebly.com,399,405,418,yes
cgigg8e@unicef.org,444,405,420,no
fprobbing8f@tinyurl.com,484,405,431,yes
zkopec8g@sbwire.com,423,405,414,yes
hgreenly8h@wsj.com,429,405,413,yes
lpastor8i@networksolutions.com,399,405,386,yes
wrushe8j@independent.co.uk,434,405,424,no
mmenichelli8k@miitbeian.gov.cn,463,405,412,yes
scusack8l@12@-reg.co.uk,429,405,417,yes
ooen8m@geocities.jp,463,405,421,yes
tgabbot8n@jalbum.net,439,405,405,yes
klapenna8o@noaa.gov,459,407,424,yes
mwaddington8p@imdb.com,489,407,444,yes
jmckevitt8q@guardian.co.uk,473,407,427,no
kbeccero8r@china.com.cn,439,407,402,no
wlurner8s@webs.com,423,407,415,yes
hperkis8t@canalblog.com,463,407,439,yes
amacparland8u@wikimedia.org,434,407,425,yes
chundley8v@last.fm,423,407,394,no
khuntington8w@alibaba.com,439,407,419,no
okewzick8x@taobao.com,444,407,438,yes
alarge8y@go.com,429,407,418,yes
scann8z@indiatimes.com,449,407,432,no
ddooman90@dion.ne.jp,459,407,411,yes
shurlestone91@whitehouse.gov,429,,412,no
dbernt92@wsj.com,478,407,434,yes
gduddle9@@themeforest.net,454,407,452,yes
nmustard94@mtv.com,434,407,425,no
ktue95@blogger.com,484,407,454,yes
vkimber96@digg.com,399,407,399,no
tstivani97@google.com.au,439,407,406,yes
bnewhouse98@oracle.com,,,,no
pdaens99@va.gov,484,,503,yes
amuzzall9a@nih.gov,454,407,435,no
lturbitt9b@biglobe.ne.jp,449,407,441,yes
vallsup9c@msn.com,444,407,434,no
mwressell9d@friendfeed.com,454,407,409,yes
aoshea9e@intel.com,459,407,450,no
sphilimore9f@ox.ac.uk,384,407,388,no
mbutrimovich9g@g.co,449,407,407,yes
jhodgets9h@dropbox.com,449,407,437,yes
mpedri9i@bbb.org,405,407,390,yes
eboles9j@samsung.com,489,,465,yes
ctregent9k@usa.gov,494,407,428,yes
ltagg9l@harvard.edu,,407,419,no
lcharette9m@google.ru,434,407,433,yes
glavell9n@last.fm,454,407,431,yes
gspilisy9o@wiley.com,459,407,455,yes
fmeasham9p@answers.com,434,407,425,no
cgravell9q@jalbum.net,454,408,431,yes
tanthony9r@zdnet.com,454,408,448,no
bmeacher9s@illinois.edu,463,408,427,no
kmattinson9t@spiegel.de,473,408,445,yes
dscoone9u@technorati.com,418,408,417,yes
crickhuss9v@1und1.de,468,408,425,yes
kbrazier9w@sohu.com,494,408,428,no
ccole9x@home.pl,429,408,419,yes
ftaffe9y@cargocollective.com,520,408,464,no
yerswell9z@flickr.com,429,408,419,no
spiddlesdena0@shareasale.com,449,408,407,yes
mbaldreya1@sbwire.com,454,408,409,yes
wgrimma2@yellowbook.com,459,,441,yes
aswadlena@@ox.ac.uk,506,,531,yes
bburchella4@nba.com,412,408,406,no
keldridgea5@theglobeandmail.com,434,408,413,no
lshipcotta6@gravatar.com,,408,420,yes
rfraschinia7@eepurl.com,429,408,427,yes
jlecornua8@nature.com,449,408,446,yes
gprobettsa9@liveinternet.ru,449,408,437,yes
ssedworthaa@tinypic.com,423,408,416,yes
gbalcockab@mediafire.com,423,,402,yes
adessonac@issuu.com,468,408,447,no
adibblead@cam.ac.uk,468,408,456,yes
mfliegae@ibm.com,429,408,414,yes
kmcveightyaf@sfgate.com,473,,464,yes
rmeeag@creativecommons.org,478,408,465,no
aworkesah@tripadvisor.com,506,408,466,yes
rmordueai@slate.com,439,408,411,no
dschustlaj@dropbox.com,434,408,434,yes
ssharpusak@dailymail.co.uk,423,408,416,yes
adevonshireal@globo.com,463,408,457,yes
lmarnaneam@newyorker.com,444,408,405,no
uoverilan@storify.com,439,408,432,yes
greinersao@nationalgeographic.com,,408,392,no
ohandap@tamu.edu,,408,404,yes
gpastoraq@globo.com,449,408,411,yes
screserar@taobao.com,,408,412,no
rmaceras@buzzfeed.com,444,,444,yes
bbiltonat@bbb.org,444,408,443,no
hkeverenau@gravatar.com,439,408,419,yes
kspelsburyav@example.com,423,408,420,yes
brodrigaw@github.io,444,410,444,no
mspadolliniax@nyu.edu,473,,473,yes
lmoteay@pcworld.com,454,410,415,no
hgriniovaz@facebook.com,429,410,432,yes
lblaschekb0@boston.com,468,410,448,yes
adentb1@shareasale.com,434,410,414,yes
dtomeob2@tinyurl.com,463,410,415,yes
tzolinib@@odnoklassniki.ru,439,410,425,no
jpringb4@cdc.gov,478,410,453,yes
gcrantonb5@npr.org,489,410,432,yes
veastmanb6@mayoclinic.com,,410,431,no
cmoyserb7@flavors.me,473,410,446,yes
goreaganb8@e-recht24.de,459,410,439,no
omcgriffinb9@census.gov,439,,461,yes
aronaghanba@cocolog-nifty.com,429,410,411,yes
adennessbb@ihg.com,439,410,425,yes
cambridgebc@free.fr,449,,462,yes
rpullinbd@patch.com,439,410,446,yes
kbischofbe@comsenz.com,,410,422,yes
skiddebf@nyu.edu,412,410,390,yes
remnoneybg@google.nl,405,410,395,yes
bspillettbh@bloomberg.com,449,410,447,no
aconnewbi@kickstarter.com,454,410,415,yes
gchellenhambj@slate.com,444,410,427,no
dagneybk@tumblr.com,,410,398,yes
hmunrobl@paypal.com,439,410,412,no
bbeldonbm@vkontakte.ru,484,410,469,yes
hbohmanbn@cnbc.com,418,410,435,yes
jwrathallbo@blogspot.com,,410,418,no
ydowsonbp@adobe.com,478,410,457,yes
nscanesbq@ihg.com,506,410,467,no
eburbankbr@mit.edu,439,410,412,no
gcurgenvenbs@dropbox.com,434,410,435,yes
zsauvagebt@amazonaws.com,459,410,439,yes
sridettbu@typepad.com,468,410,448,no
bdixeybv@networkadvertising.org,444,410,410,yes
ekingtonbw@hugedomains.com,439,410,433,yes
afuchsbx@wunderground.com,513,410,452,yes
dbaptisteby@mtv.com,500,410,469,no
mbraidonbz@over-blog.com,434,410,439,yes
dcurriec0@pcworld.com,576,,593,yes
rchoulesc1@ftc.gov,506,410,476,yes
phuskec2@sohu.com,459,410,421,yes
bcuttingc@@opera.com,520,410,488,no
mdowlec4@comsenz.com,468,410,448,no
jgrainc5@guardian.co.uk,449,410,425,no
esabatesc6@phoca.cz,429,410,403,yes
mskirvinc7@samsung.com,444,410,444,no
mstormsc8@github.com,444,411,436,yes
yashforthc9@constantcontact.com,449,411,417,yes
ahalbordca@stanford.edu,468,411,461,yes
ekilloughcb@shinystat.com,439,411,412,no
wwicksteadcc@ehow.com,405,411,408,no
cnoonecd@bloglovin.com,444,411,406,yes
eemanuelovce@bandcamp.com,468,411,422,no
pellinorcf@github.io,449,411,439,yes
tstittlecg@taobao.com,449,411,417,yes
mbuckseych@studiopress.com,473,,497,yes
sshearmeci@1688.com,468,411,426,yes
jmcgiffordcj@mail.ru,536,411,497,yes
cjoburnck@irs.gov,454,411,433,no
zbarettecl@skype.com,412,411,424,yes
wpetruscm@businessweek.com,444,411,428,yes
mjansecn@t.co,468,411,418,no
hminogueco@forbes.com,489,411,468,yes
pmavincp@yolasite.com,399,411,413,no
emocquercq@16@.com,423,411,421,yes
dfroggattcr@hugedomains.com,459,411,452,yes
ktroakecs@weibo.com,423,411,404,yes
wshaperact@indiegogo.com,468,411,461,yes
ddaneletcu@pen.io,478,411,449,yes
dorrettcv@diigo.com,405,411,412,yes
bskevingtoncw@privacy.gov.au,,411,390,yes
bspeechlycx@mozilla.org,399,,395,yes
kensercy@tmall.com,434,411,427,no
minglesentcz@blogspot.com,439,411,429,no
bcawkerd0@soup.io,468,411,444,yes
dlennarded1@nps.gov,454,411,441,yes
hmarshalld2@hp.com,444,411,440,no
vchasterd@@typepad.com,478,411,440,yes
cszymczykd4@slate.com,494,411,448,no
mmillyardd5@technorati.com,449,411,452,no
hleyfieldd6@unesco.org,484,411,448,no
hbramhamd7@squarespace.com,528,411,455,yes
cbockmand8@icio.us,473,411,420,yes
ttoplind9@eventbrite.com,468,411,453,no
sashpoleda@cam.ac.uk,463,413,451,no
cpogosiandb@tuttocitta.it,454,413,429,no
krunacresdc@ezinearticles.com,439,413,409,yes
tadneydd@prlog.org,429,413,413,no
ugladdinde@netlog.com,513,413,482,no
jhapkedf@hubpages.com,439,413,430,yes
lsummerilldg@yahoo.co.jp,399,413,414,no
eheberdh@lycos.com,449,413,409,no
chayforddi@pinterest.com,423,413,422,yes
kcrebbindj@purevolume.com,449,413,418,no
nturbittdk@google.com.au,444,413,424,no
dzannottidl@16@.com,418,413,416,yes
tkernedm@prnewswire.com,,413,405,yes
mearsmandn@tinyurl.com,418,413,399,yes
mpartkyado@chicagotribune.com,434,413,436,yes
rsoeirodp@auda.org.au,459,413,453,no
rchattendq@mysql.com,513,413,463,no
gboastdr@guardian.co.uk,459,,459,yes
dmarchingtonds@nytimes.com,412,413,413,yes
fhanlondt@wisc.edu,459,413,419,yes
rwrenndu@geocities.jp,473,413,443,no
fgallifontdv@chron.com,,413,409,yes
aupcottdw@paginegialle.it,429,413,421,yes
chaldendx@about.me,449,413,418,yes
istanmandy@senate.gov,473,413,452,no
apaydondz@discuz.net,454,413,447,yes
mbenjafielde0@independent.co.uk,,413,396,no
fmoxsteade1@istockphoto.com,399,413,402,no
daikette2@adobe.com,444,413,407,yes
nsygrovee@@auda.org.au,439,413,405,no
rshildricke4@jalbum.net,468,413,436,yes
ecardozoe5@lulu.com,392,413,415,yes
blagnee6@jimdo.com,449,413,435,yes
wfrantseve7@digg.com,449,413,448,no
clemerchante8@exblog.jp,412,,424,yes
bregie9@taobao.com,423,413,405,yes
ayellowleaea@amazonaws.com,418,413,416,no
hjiruseb@fc2.com,429,413,413,yes
dgreenhoweec@about.me,434,413,407,yes
lfeaksed@blogtalkradio.com,418,413,428,yes
tattreedee@hubpages.com,468,413,449,yes
frylettef@nsw.gov.au,429,413,404,no
cdurningeg@apple.com,489,413,446,no
bfernleyeh@qq.com,444,413,420,yes
afairpoolei@gnu.org,468,413,418,no
nmacconnellej@geocities.jp,444,413,446,yes
osheaek@meetup.com,484,414,458,yes
asymsonel@hexun.com,449,414,436,yes
ssmallesem@about.me,484,414,431,yes
cholleworthen@blinklist.com,434,414,432,no
awindresseo@shareasale.com,454,414,425,yes
rhairesnapeep@salon.com,463,414,439,no
mrickereq@mozilla.com,454,414,430,no
lnestleer@meetup.com,449,414,432,yes
maugures@salon.com,459,414,423,no
bmatejicet@ucla.edu,463,,486,yes
cwernhameu@psu.edu,468,414,463,yes
wglassonev@seattletimes.com,444,414,429,yes
bjinaew@google.co.jp,444,414,433,yes
bgeraultex@cdc.gov,484,414,431,no
dsaiensey@taobao.com,429,414,426,yes
gkuschelez@google.com.hk,520,414,472,no
lcollinettef0@nytimes.com,463,414,439,yes
hkelshawf1@delicious.com,434,414,441,yes
aikringillf2@irs.gov,,,,yes
gtrevorrowf@@google.com,444,414,450,yes
fgregoracef4@wikispaces.com,506,414,460,yes
lknowlmanf5@hostgator.com,439,414,405,yes
pcaldowf6@uiuc.edu,454,414,421,yes
jmeacherf7@dot.gov,489,414,429,no
lmatityahuf8@com.com,444,414,408,yes
lnorreyf9@goodreads.com,444,,435,yes
cmebsfa@ifeng.com,,414,402,yes
kdyettfb@canalblog.com,473,414,426,no
oklimentyonokfc@berkeley.edu,412,414,421,no
mlabbetfd@amazon.co.uk,489,414,452,no
bblarefe@fema.gov,513,416,483,no
jbankff@nsw.gov.au,459,416,416,yes
grollerfg@ca.gov,473,416,467,yes
mchalfontfh@rambler.ru,459,,445,no
jslanefi@free.fr,489,416,462,yes
mmoormanfj@tiny.cc,463,416,418,yes
fjansafk@wordpress.com,484,416,446,yes
sconfordfl@nydailynews.com,,,,no
ncainesfm@gravatar.com,423,416,415,yes
mburgwynfn@answers.com,536,416,457,no
jlerganfo@issuu.com,439,416,449,yes
mashmentfp@phpbb.com,494,,494,no
brubenfeldfq@twitpic.com,,416,424,no
jziemeckifr@mtv.com,454,416,413,yes
mmcbayfs@gravatar.com,513,,508,no
acorbynft@cisco.com,500,416,444,yes
gdythamfu@a8.net,468,416,451,yes
kbrackstonefv@clickbank.net,412,416,393,no
aneashamfw@yellowpages.com,513,416,469,yes
dtrumanfx@vk.com,506,416,475,no
lthebeaufy@bloglines.com,,416,412,yes
aeburnefz@aboutads.info,418,416,421,no
jbettyg0@hostgator.com,459,416,442,yes
ktebbitg1@@60.cn,513,416,441,no
lfigureg2@zdnet.com,468,416,451,yes
vcraighallg@@china.com.cn,459,416,429,no
sorrg4@tamu.edu,520,416,445,yes
pkeyworthg5@apache.org,449,416,441,yes
rbartheletg6@umich.edu,489,416,466,yes
ihaddintong7@hatena.ne.jp,444,416,426,yes
bverrechiag8@gov.uk,468,,445,no
abalsdoneg9@goodreads.com,473,,478,no
kbabinskiga@mozilla.org,454,416,444,yes
cronaldgb@microsoft.com,454,416,448,no
mredfernegc@ed.gov,439,416,445,yes
dgadesbygd@hexun.com,454,416,426,no
wkayge@wisc.edu,478,416,447,no
spawlatagf@gmpg.org,434,416,421,yes
cscotchbrookgg@reuters.com,463,418,449,yes
bchurchillgh@mashable.com,,418,426,yes
mtotterdellgi@cmu.edu,423,418,429,yes
hstrittongj@amazonaws.com,473,,487,yes
gnixgk@marketwatch.com,489,418,463,no
ksherwingl@upenn.edu,494,418,470,no
tklouzgm@google.co.uk,454,418,419,no
azywickign@etsy.com,478,418,461,yes
msturrockgo@go.com,,418,439,no
bsparwellgp@yolasite.com,444,418,431,no
rmaccrawgq@mlb.com,454,418,440,no
hdouberdaygr@msu.edu,,418,410,yes
clembkegs@google.co.jp,434,418,426,yes
fbarnbrookgt@columbia.edu,429,418,440,no
rtregennagu@marriott.com,478,418,470,no
gbridsongv@flickr.com,463,418,445,yes
mshillakergw@mashable.com,,418,397,yes
mraistrickgx@slideshare.net,500,418,454,no
obrenstongy@yellowbook.com,418,418,435,no
syurchenkogz@sbwire.com,439,418,420,yes
jmorroweh0@hexun.com,454,418,427,no
jaickenh1@cyberchimps.com,484,418,446,no
bgogganh2@imageshack.us,,418,435,no
bjimesh@@wikimedia.org,478,418,439,no
cgorgesh4@examiner.com,439,418,437,yes
acornerh5@boston.com,454,418,458,yes
agoldneyh6@spotify.com,473,418,446,yes
lshineh7@trellian.com,,419,415,yes
dmoath8@github.com,459,419,417,no
ktrimbyh9@51.la,473,419,433,no
clinbohmha@studiopress.com,439,419,420,no
dsimisterhb@cmu.edu,463,419,445,yes
cpeaddiehc@cbslocal.com,484,419,465,no
cgarmanhd@wix.com,478,419,435,no
cvelarealhe@go.com,418,419,423,yes
cfinchamhf@ebay.co.uk,500,419,437,no
lburlinghg@prweb.com,434,419,448,no
ccristobalhh@geocities.jp,468,419,448,yes
dvedyasovhi@va.gov,500,419,464,no
plevyhj@prlog.org,489,419,431,yes
pbarffordhk@wordpress.org,449,419,425,no
avanderkruyshl@soundcloud.com,454,419,432,no
ahazeldinehm@example.com,473,419,433,no
msussemshn@bing.com,468,419,466,no
dgallacherho@nps.gov,434,419,439,no
aivanyukovhp@netscape.com,473,419,437,no
rraspisonhq@ycombinator.com,439,419,429,yes
rteulierhr@12@-reg.co.uk,459,419,452,no
fornilshs@php.net,473,419,437,yes
rdibbleht@geocities.com,506,419,472,yes
ccowoppehu@ebay.co.uk,439,,457,yes
sgashhv@freewebs.com,500,419,464,no
nwetterhw@whitehouse.gov,463,419,423,no
gmonkleyhx@cmu.edu,439,419,442,no
gmcmichaelhy@craigslist.org,494,419,470,yes
tjuryhz@guardian.co.uk,489,419,468,no
acranstonei0@bizjournals.com,468,419,461,no
dcarli1@imdb.com,459,419,430,no
ecaruthi2@multiply.com,454,419,419,yes
tdyasi@@oracle.com,,419,398,no
rcluniei4@mashable.com,449,419,412,yes
bblesti5@t-online.de,500,419,469,no
gyandelli6@hc@60.com,444,419,414,no
nsothami7@dailymail.co.uk,429,,433,yes
tsolowayi8@globo.com,478,419,453,no
vbasnetti9@patch.com,459,419,426,no
acameronia@canalblog.com,484,419,452,no
gwhithalghib@de.vu,444,419,423,yes
arickmanic@cpanel.net,,419,427,no
hcampanaid@google.com.hk,459,419,426,no
cwenhamie@ehow.com,,419,440,yes
bkleesif@cmu.edu,489,419,459,no
dtudballig@geocities.jp,418,419,439,no
dtoursih@sakura.ne.jp,484,419,474,no
ssoppittii@usa.gov,439,419,450,yes
jgilfoyleij@nba.com,468,419,444,no
syakubowiczik@oracle.com,473,419,437,no
rgiannazzoil@qq.com,,419,440,yes
rpinaim@godaddy.com,489,419,431,no
nallrightin@issuu.com,468,419,430,yes
churdisio@soundcloud.com,459,419,430,no
kogavinip@army.mil,459,419,452,no
dabbotiq@alibaba.com,454,419,437,yes
rmoensir@mashable.com,506,419,449,no
jweekeis@indiegogo.com,478,,473,no
vwibrowit@woothemes.com,513,421,476,yes
fwickensiu@marketwatch.com,478,421,454,yes
rmozziiv@economist.com,484,421,439,no
obrandtsiw@dion.ne.jp,454,421,420,no
mhussetix@seesaa.net,468,421,453,yes
wsloraiy@wikimedia.org,454,421,429,yes
rdiggiz@multiply.com,463,421,438,no
prumboldj0@t.co,484,421,439,no
wduhamelj1@google.co.uk,473,421,447,no
ehollerinj2@fotki.com,484,421,466,no
cthundersj@@bigcartel.com,459,421,422,no
cfishleej4@prweb.com,449,421,418,no
clyptradej5@reuters.com,473,421,443,yes
mpannerj6@nytimes.com,484,421,443,no
wgrimsteadj7@qq.com,500,,515,no
chanlinj8@ebay.co.uk,434,421,436,no
chardacrej9@who.int,434,421,440,yes
dspiraja@barnesandnoble.com,449,421,426,yes
dkettoejb@washingtonpost.com,528,421,489,yes
capthorpejc@wufoo.com,449,421,435,yes
criordanjd@usgs.gov,468,421,449,no
bpaulilloje@addtoany.com,449,421,444,yes
mdumpletonjf@nba.com,,421,413,yes
cslorancejg@webs.com,500,421,456,no
wsehorschjh@wiley.com,,421,413,yes
lorumji@istockphoto.com,449,421,418,yes
cchuneyjj@businessweek.com,489,421,437,no
ssambidgejk@reference.com,473,421,451,no
daristidejl@gmpg.org,454,421,420,no
bjennisonjm@vkontakte.ru,473,421,460,no
acharsleyjn@ovh.net,520,421,471,yes
nmattiaccijo@e-recht24.de,429,421,421,yes
btomasinijp@elpais.com,,421,408,yes
ifrangionejq@creativecommons.org,506,421,482,no
mtrenemanjr@multiply.com,489,421,455,no
vjohnkejs@harvard.edu,468,421,467,yes
amarcusjt@tamu.edu,468,421,427,yes
rlehrerju@usatoday.com,459,421,436,no
yfulopjv@prnewswire.com,434,422,437,yes
hbriteejw@facebook.com,513,422,472,yes
fpinardjx@ehow.com,528,422,485,no
mrimerjy@bing.com,494,422,467,yes
gwinkettjz@ehow.com,412,422,409,yes
bchampneysk0@4shared.com,484,422,453,no
hcreswellk1@cisco.com,449,422,453,yes
ewaggettk2@12@-reg.co.uk,434,422,445,yes
dedmottk@@who.int,449,422,440,no
tmatousk4@ifeng.com,478,422,464,no
cderhamk5@gov.uk,444,422,424,no
kseawellk6@arizona.edu,444,422,433,no
ecastagnarok7@berkeley.edu,444,422,433,yes
smessierk8@yolasite.com,478,422,441,yes
peschellek9@columbia.edu,494,422,472,yes
gbeaneyka@npr.org,463,422,460,no
abrycesonkb@dagondesign.com,468,422,432,yes
lmackiewiczkc@liveinternet.ru,536,422,484,no
haverykd@discuz.net,520,422,462,no
alemaryke@imageshack.us,484,422,444,no
soxbekf@devhub.com,459,422,418,no
ldelafeldkg@eventbrite.com,449,422,431,no
cdaoutkh@deviantart.com,412,422,413,yes
vfairebrotherki@eepurl.com,484,,503,yes
asandaykj@google.ca,513,422,458,yes
ilemoirkk@unc.edu,459,422,436,yes
rdorsettkl@gizmodo.com,454,422,447,yes
ocostykm@so-net.ne.jp,434,422,407,yes
kgoulbornkn@abc.net.au,473,422,461,no
jdudhillko@nature.com,473,422,443,yes
trusbridgekp@rakuten.co.jp,449,422,436,no
sbecariskq@geocities.jp,500,422,443,no
tcorringtonkr@canalblog.com,449,422,422,no
gthairsks@purevolume.com,489,422,469,yes
dlaukskt@samsung.com,434,422,437,no
lmccartyku@diigo.com,449,422,436,no
ladanezkv@angelfire.com,547,422,460,no
mmurrkw@nhs.uk,473,422,461,no
gvedenyakinkx@amazon.co.jp,528,422,475,yes
egergeky@hud.gov,463,422,443,no
sclemmeykz@bluehost.com,468,422,449,yes
sdenkinl0@wp.com,423,422,418,yes
pfullardl1@dion.ne.jp,500,422,461,yes
jcleevel2@mayoclinic.com,489,,499,yes
ltettleyl@@aboutads.info,473,422,425,yes
aschulerl4@salon.com,459,422,427,yes
btorricinal5@cdbaby.com,,422,414,no
cconnopl6@facebook.com,468,422,441,no
mminihanl7@bing.com,559,,576,yes
dtodl8@aboutads.info,478,424,456,yes
ifrimanl9@a8.net,,424,420,yes
scostala@dmoz.org,506,424,484,no
kmolineauxlb@patch.com,559,424,496,no
kdrakardlc@sitemeter.com,439,424,444,yes
thookeld@nba.com,484,424,459,no
lstanggjertsenle@hugedomains.com,484,424,431,yes
alenoirlf@imdb.com,429,424,431,yes
tcastanolg@unblog.fr,473,424,440,yes
bparkeslh@wunderground.com,463,424,457,no
cbewlayli@instagram.com,473,424,426,no
hhowelj@geocities.com,500,424,476,yes
oroalfelk@ebay.com,506,424,470,yes
mjoontjesll@livejournal.com,434,424,438,yes
ibarltroplm@twitter.com,506,424,442,yes
jspaducciln@technorati.com,459,424,424,no
mbanklo@sitemeter.com,449,424,437,no
nandreixlp@reverbnation.com,423,424,407,yes
pbaumlerlq@narod.ru,454,424,421,yes
wantonuttilr@instagram.com,463,424,435,no
callcornls@ft.com,454,,436,no
tmundeelt@shinystat.com,468,424,464,no
hsilversonlu@uol.com.br,439,424,410,yes
hleinweberlv@nps.gov,500,424,444,no
agellandlw@google.co.uk,489,424,443,yes
rchartelx@phpbb.com,473,424,426,yes
erosevearely@nationalgeographic.com,468,424,459,no
dsandeylz@myspace.com,459,424,442,yes
mrojelm0@amazon.com,468,424,459,no
lhallenm1@ebay.co.uk,444,424,456,yes
rfindlaterm2@last.fm,,424,445,no
dgruszeckim@@ucoz.ru,439,424,436,yes
dhabornm4@wikispaces.com,454,424,430,yes
iblankenshipm5@edublogs.org,559,424,492,no
mghilksm6@nba.com,478,424,456,yes
abembridgem7@sfgate.com,468,,477,no
wbendonm8@google.com.hk,449,424,441,no
gbrumptonm9@seesaa.net,494,424,464,yes
rverbrugghenma@ocn.ne.jp,484,424,431,no
lmattammb@myspace.com,478,424,433,no
rformillimc@ifeng.com,449,425,454,yes
tghiroldimd@amazon.co.jp,478,425,442,no
cenderwickme@reverbnation.com,489,425,434,no
jpesslermf@foxnews.com,,425,408,yes
cstroddermg@loc.gov,489,425,457,no
hvalentemh@etsy.com,449,425,450,yes
klankhammi@archive.org,484,425,473,no
vchristoffemj@jigsy.com,463,425,457,yes
cthoresbiemk@shinystat.com,459,425,438,no
sswansburyml@devhub.com,429,425,410,no
gjimesmm@indiegogo.com,,425,438,no
wwhilesmn@reference.com,,425,412,no
ewolvermo@utexas.edu,500,425,486,yes
qkingsnodmp@usgs.gov,478,,459,yes
rpitonemq@bluehost.com,506,425,470,yes
efriedenbachmr@linkedin.com,478,425,465,yes
acarstairsms@businesswire.com,473,425,453,no
slaverickmt@mysql.com,468,425,455,yes
khuttenmu@nhs.uk,444,425,439,yes
oscammondenmv@artisteer.com,506,,511,yes
bselleymw@cbc.ca,528,425,467,yes
doheffernanmx@desdev.cn,,425,442,yes
mwrattenmy@imageshack.us,434,425,434,yes
wcrosonmz@cnn.com,449,425,437,no
rcarrettn0@theguardian.com,478,425,438,yes
dquerneln1@archive.org,449,425,424,yes
gbuttnern2@lulu.com,,425,438,no
cfreddin@@yelp.com,463,425,444,no
abothan4@cafepress.com,444,425,448,yes
tfidellin5@cbc.ca,473,425,453,yes
kmccroryn6@stumbleupon.com,449,425,441,no
croylen7@fema.gov,454,425,453,no
cdecheletten8@mediafire.com,449,425,424,no
ttunnicliffn9@tamu.edu,468,425,433,no
smacgounna@twitter.com,494,425,455,no
cpeppardnb@shop-pro.jp,,425,412,yes
cgadsdonnc@ow.ly,454,425,435,yes
pcosleynd@gov.uk,484,425,436,no
rdundridgene@behance.net,484,425,477,no
crainsdonnf@google.ru,513,425,492,no
kplaideng@japanpost.jp,429,425,444,no
dmatveyevnh@gizmodo.com,478,425,442,yes
ldelacourtni@youku.com,494,425,437,no
tmorelandnj@ustream.tv,444,425,448,no
gfranciskiewicznk@macromedia.com,478,425,433,yes
tburnyeatnl@last.fm,489,,499,yes
wzannelinm@epa.gov,454,425,461,no
awilbudnn@photobucket.com,478,425,433,yes
mmidsonno@naver.com,454,425,435,yes
ewarnernp@dell.com,,425,408,yes
ptreanornq@cornell.edu,536,425,481,no
laxfordnr@elegantthemes.com,500,425,439,no
sfeaseyns@state.tx.us,,425,442,yes
hcowchant@friendfeed.com,520,,504,no
rholliarnu@yelp.com,459,427,456,no
nfortinnv@wisc.edu,,427,444,yes
etweedenw@photobucket.com,454,427,441,no
tcamoysnx@nasa.gov,500,427,445,no
bmackilpatrickny@sphinn.com,520,,510,no
ppaalnz@sbwire.com,547,427,492,no
ssadgroveo0@google.com.br,418,427,435,yes
atonneseno1@google.fr,463,427,423,yes
mprino2@sohu.com,463,427,467,no
bstedmondo@@nyu.edu,484,427,465,no
kjoannico4@mac.com,576,427,507,no
mstrodero5@deviantart.com,478,427,448,no
tdallindero6@spotify.com,494,427,456,no
gchaffero7@hud.gov,439,427,437,yes
owigfieldo8@aboutads.info,489,427,476,no
btomso9@wordpress.org,463,,477,yes
rnelliesoa@newyorker.com,484,427,446,no
lladewigob@wisc.edu,,427,418,yes
pcafeoc@spiegel.de,489,427,449,yes
drhymerod@printfriendly.com,,427,414,no
bguidonioe@nyu.edu,520,427,455,no
mhoulahanof@live.com,444,427,422,yes
bpattersonog@reference.com,463,427,441,yes
ngrevileoh@netscape.com,463,427,454,no
swalewiczoi@biglobe.ne.jp,478,427,430,no
wbusswelloj@illinois.edu,444,427,453,no
jbassindaleok@state.tx.us,513,,492,no
vsextenol@cpanel.net,,,,yes
ccranhamom@google.ru,478,427,448,no
ecramphornon@ameblo.jp,429,427,428,no
ekraussoo@java.com,513,427,470,yes
nbrimacombeop@creativecommons.org,444,427,440,yes
mwigglesworthoq@pen.io,459,427,421,yes
kdebrettor@ox.ac.uk,513,427,494,no
bmcgeadyos@uol.com.br,500,428,459,yes
sscannellot@infoseek.co.jp,500,428,459,no
djollandsou@omniture.com,528,428,502,no
cgaskoinov@virginia.edu,473,428,455,yes
alehrmannow@usa.gov,528,,528,yes
dbudnkox@goodreads.com,,428,407,no
sflockhartoy@ebay.com,423,428,404,no
gcuniffeoz@github.com,536,428,492,no
hlownesp0@t.co,439,428,412,yes
ajurczykp1@t-online.de,536,428,472,no
lklampkp2@discovery.com,484,428,474,no
ewinhamp@@mozilla.com,484,428,451,no
tmoncreiffep4@themeforest.net,506,428,481,yes
awrackp5@nydailynews.com,468,428,439,no
spachep6@1und1.de,520,428,460,yes
tcuttelarp7@state.tx.us,468,428,444,no
gcysonp8@uol.com.br,444,428,440,yes
lschulterp9@theglobeandmail.com,489,428,472,no
jkitchasidepa@aboutads.info,506,428,481,yes
bsappellpb@w@.org,454,428,437,no
eaguirrepc@nsw.gov.au,478,428,430,no
sblakeneypd@ustream.tv,459,428,452,yes
etrynorpe@g.co,500,428,478,yes
jfugglepf@eepurl.com,513,,492,yes
gtomsonpg@purevolume.com,473,428,432,no
avennyph@admin.ch,444,428,449,no
egewerpi@tripod.com,,428,445,no
tfranzolinipj@spotify.com,484,428,465,no
thartridgepk@exblog.jp,454,428,441,no
lgeistpl@earthlink.net,500,428,464,no
acattellpm@edublogs.org,494,428,466,no
hucchinopn@time.com,434,428,409,no
fconkaypo@paypal.com,489,428,445,no
traulstonpp@ftc.gov,468,428,426,no
pmanonpq@nydailynews.com,484,428,461,yes
hswadlenpr@paginegialle.it,536,428,506,no
jlouderps@linkedin.com,454,428,450,no
courrypt@parallels.com,473,428,460,no
tjarredpu@dedecms.com,459,428,448,no
avaughanhughespv@google.cn,463,428,441,no
lrontreepw@goo.ne.jp,468,428,452,no
mmcfaulpx@toplist.cz,473,430,433,no
cbiglinpy@vkontakte.ru,478,430,431,no
sbaynampz@unblog.fr,478,430,459,yes
wthorq0@huffingtonpost.com,463,430,438,yes
dleemanq1@squarespace.com,528,430,503,yes
mkuhnertq2@nytimes.com,449,430,453,yes
wbigleyq@@plala.or.jp,454,430,429,yes
dfilanq4@hexun.com,478,430,463,no
equyeq5@theatlantic.com,463,430,442,no
jdegreyq6@youtu.be,478,430,440,no
sstiellq7@imageshack.us,494,430,453,no
fdumphreyq8@tmall.com,473,430,474,no
mleverq9@xing.com,468,430,431,yes
czuteqa@ifeng.com,494,430,467,yes
eolorenshawqb@netvibes.com,484,430,443,yes
nklimentyonokqc@theglobeandmail.com,468,430,427,yes
cmacsporranqd@google.ru,473,430,470,yes
bjennoqe@taobao.com,,430,434,no
iberreyqf@psu.edu,520,,504,no
mchawnerqg@nsw.gov.au,473,430,447,yes
amcilhattonqh@techcrunch.com,559,430,495,yes
blanfranchiqi@sciencedirect.com,454,430,429,no
bmollittqj@flavors.me,459,430,453,yes
habellsqk@timesonline.co.uk,520,430,470,no
lpapworthql@cbc.ca,489,430,473,yes
rdangerfieldqm@earthlink.net,,,,no
agrottyqn@instagram.com,494,430,462,yes
ejehaesqo@dedecms.com,520,430,499,no
akeanqp@freewebs.com,459,430,440,no
twoofqq@symantec.com,459,430,458,yes
bcradocqr@newsvine.com,,430,413,yes
barondelqs@e-recht24.de,,430,452,yes
kstureqt@squarespace.com,506,430,491,no
dswatridgequ@bbc.co.uk,513,430,486,yes
speresqv@cocolog-nifty.com,444,,462,no
agrigorqw@jiathis.com,454,430,451,yes
mdoucetteqx@canalblog.com,478,430,436,yes
tgoslandqy@upenn.edu,468,430,467,yes
mtremolletqz@dailymail.co.uk,434,430,449,no
qdeamerr0@bravesites.com,463,430,455,no
cbirtsr1@senate.gov,528,430,455,yes
klysaghtr2@marriott.com,439,430,413,no
tbrokenshawr@@angelfire.com,478,430,472,yes
klovartr4@nasa.gov,468,,482,no
wrasellesr5@jiathis.com,,430,413,no
mhurrellr6@1und1.de,513,430,457,yes
ymanserr7@whitehouse.gov,506,430,482,yes
irohlfsr8@woothemes.com,454,431,429,yes
hgiler9@acquirethisname.com,454,431,420,no
jlindstedtra@washingtonpost.com,454,431,456,no
jgabbitisrb@yale.edu,459,431,445,yes
arimesrc@twitpic.com,473,431,475,no
jcrookshankrd@w@.org,478,431,445,no
dsimmigre@army.mil,449,431,444,yes
jamissrf@lycos.com,449,431,440,yes
astancerrg@shop-pro.jp,489,431,455,yes
apickerillrh@earthlink.net,506,431,445,yes
lcoggenri@unicef.org,454,431,429,no
nbraithwaiterj@intel.com,506,431,469,yes
cyitzhakofrk@joomla.org,478,,483,no
nlongrl@slideshare.net,444,431,433,no
dmcilvennarm@un.org,536,431,503,yes
rfolanrn@surveymonkey.com,449,431,422,yes
jhadwinro@macromedia.com,484,431,462,no
tesslemontrp@ning.com,,431,431,no
tsandwichrq@businessinsider.com,484,431,458,yes
sbywatersrr@mlb.com,468,431,458,yes
